stage,target,model,fold_count,cv_train_mae_mean,cv_train_mae_std,cv_train_rmse_mean,cv_train_rmse_std,cv_train_r2_mean,cv_train_r2_std,cv_train_median_absolute_error_mean,cv_train_median_absolute_error_std,cv_train_normalized_rmse_mean,cv_train_normalized_rmse_std,cv_validation_mae_mean,cv_validation_mae_std,cv_validation_rmse_mean,cv_validation_rmse_std,cv_validation_r2_mean,cv_validation_r2_std,cv_validation_median_absolute_error_mean,cv_validation_median_absolute_error_std,cv_validation_normalized_rmse_mean,cv_validation_normalized_rmse_std,convergence_warnings,convergence_reached,n_iter,dataset_hash,split_hash,model_config_hash,model_registry_version
kfold,density,linear_regression,5,0.180728392305413,0.001285676717694,0.2435742277201607,0.0017822623857843,0.8545185604029143,0.0012343808204199,0.1384903931402618,0.0009260559893344,0.381397909216505,0.0016196409821796,0.2368409370208453,0.003098738224064,0.3669143419029995,0.0296867023788849,0.6669123991751655,0.0625821375716158,0.1691148866146031,0.0033939962029547,0.5744503200374177,0.0450713404585632,,True,nan | nan | nan | nan | nan,45b1899ee22d8e2d4eee9779866a4c63447b7b426e77b2f721dbf945e57bb558,d6d1e61558aa5e6db72225c09d1f5fce9461c417327c815d1b671940b496de48,45e6f5a8a432c5a8cf2ce9d58dc694b063be2e08fb9b528c7895fcee0c21e9fa,2026-08-04-poisson-nystroem-v1
kfold,density,ridge,5,0.1811836641187135,0.0013773829622538,0.243925823469325,0.001795366535641,0.8540984153006219,0.0012252828905424,0.1387623859027961,0.0011076285562169,0.3819482996277079,0.0016054627859979,0.2306026137379125,0.0028308534313403,0.338350240399001,0.019614226246549,0.7176109728057687,0.0402969973245366,0.1681557158459444,0.0032164317967646,0.5297476558734561,0.0292816553337671,,True,[202] | [231] | [214] | [192] | [197],45b1899ee22d8e2d4eee9779866a4c63447b7b426e77b2f721dbf945e57bb558,d6d1e61558aa5e6db72225c09d1f5fce9461c417327c815d1b671940b496de48,17f8adf506e53a71edf2ddbb043946ba53461b54b4d9532c6d3cd58d1a14654c,2026-08-04-poisson-nystroem-v1
kfold,density,lasso,5,0.1893765418123474,0.0011647113390508,0.2524929140448204,0.0016223126795234,0.8436689752702791,0.00119330907818,0.1461575914128446,0.0015597698717306,0.3953645313947856,0.0015080347169019,0.2165880320826527,0.0036699271531515,0.2932917900240489,0.0056699555520413,0.7889300613959738,0.0048066713769244,0.1655098989936482,0.0032020016254432,0.459281014001868,0.0105028883893892,,True,1803 | 1333 | 732 | 534 | 1335,45b1899ee22d8e2d4eee9779866a4c63447b7b426e77b2f721dbf945e57bb558,d6d1e61558aa5e6db72225c09d1f5fce9461c417327c815d1b671940b496de48,bb66d72029d4bc28e26575fa5c13468e9ef4ea776a441d8def4424880ce4ebdc,2026-08-04-poisson-nystroem-v1
kfold,density,elastic_net,5,0.1861142493989664,0.0011800260661754,0.2487157322796705,0.001540223624968,0.848311747512738,0.0010118544161157,0.1431731849326789,0.0016157504374342,0.3894499823248446,0.0012985434593876,0.2183061420693585,0.003979069589043,0.2958279582316532,0.0047587890203131,0.7852517745015739,0.0044858035524915,0.1645461041121967,0.0043074624133177,0.4632482105816929,0.009076208584645,,True,1102 | 1294 | 1580 | 1568 | 1157,45b1899ee22d8e2d4eee9779866a4c63447b7b426e77b2f721dbf945e57bb558,d6d1e61558aa5e6db72225c09d1f5fce9461c417327c815d1b671940b496de48,3b36992caf47513a7416471036cb653a59932a9794713b7c1140780cf4b46529,2026-08-04-poisson-nystroem-v1
kfold,density,bayesian_ridge,5,0.1878328294394974,0.0011148593205866,0.2513407507024549,0.0014939442421792,0.845092902112959,0.0009652300981865,0.1453461136968707,0.0017757630815618,0.3935606050659824,0.0012257124218657,0.2197514266605028,0.0039345911157652,0.2970511777490042,0.0050035204853057,0.78346100348988,0.0053892923633703,0.167550857459473,0.0041625735980336,0.4651628681754809,0.0093546701311233,,True,9 | 9 | 9 | 9 | 9,45b1899ee22d8e2d4eee9779866a4c63447b7b426e77b2f721dbf945e57bb558,d6d1e61558aa5e6db72225c09d1f5fce9461c417327c815d1b671940b496de48,907cce3461e6a7a4b2039f5d3c2414495244fc5d05ae8956c20cdfa7f1b343da,2026-08-04-poisson-nystroem-v1
kfold,density,huber_regressor,5,0.1754771808815682,0.0012215887072077,0.2508744092902222,0.0017680761554028,0.8456675803297173,0.0012098627418908,0.1211990411982479,0.0008629652629816,0.3928290140316703,0.0015404679522357,0.2290914310907234,0.0027261372457856,0.3470270103132161,0.023731617474242,0.7024001732521185,0.0497901947084542,0.1624647458493895,0.004049135091302,0.5433068262930826,0.0354134320894117,"lbfgs failed to converge after 300 iteration(s) (status=1):
STOP: TOTAL NO. OF ITERATIONS REACHED LIMIT

Increase the number of iterations to improve the convergence (max_iter=300).
You might also want to scale the data as shown in:
    https://scikit-learn.org/stable/modules/preprocessing.html",False,300 | 300 | 300 | 300 | 300,45b1899ee22d8e2d4eee9779866a4c63447b7b426e77b2f721dbf945e57bb558,d6d1e61558aa5e6db72225c09d1f5fce9461c417327c815d1b671940b496de48,0645c40722c17e32a03093c075e2cc107434f6f6053f9d583b37341c2b1f0bf5,2026-08-04-poisson-nystroem-v1
kfold,density,sgd_regressor,5,344051917878.3149,11364786024.019316,979065796620.9496,77503778502.46089,-2.3642780434300905e+24,3.911526062333128e+23,111678452488.77472,9757061273.306787,1533391790785.0715,126215486627.22472,340541205661.2977,17480889382.532307,950530290634.4536,43795720963.43596,-2.2218311667133792e+24,2.192896786937772e+23,115669710212.27292,10844113173.038437,1488418209079.6804,69130454764.12367,,True,6 | 6 | 6 | 6 | 6,45b1899ee22d8e2d4eee9779866a4c63447b7b426e77b2f721dbf945e57bb558,d6d1e61558aa5e6db72225c09d1f5fce9461c417327c815d1b671940b496de48,9adc0b1c217c9cb9941d0221bb5668d2c61f4484f9d40d45ef5c089e94acccc7,2026-08-04-poisson-nystroem-v1
kfold,density,passive_aggressive_regressor,5,0.272197394553106,0.0216801045023538,0.3542955664346216,0.0234828274723859,0.6911969849877011,0.0412207744685857,0.2188734491292333,0.0236428708070103,0.554739347409981,0.0359771344482444,0.3017198189062009,0.01718679056628,0.4008719560842541,0.0159055194595658,0.6046760866964953,0.0388274667933439,0.236530306501988,0.0196232233114375,0.6276815698289605,0.0239610645009171,,True,12 | 18 | 18 | 14 | 11,45b1899ee22d8e2d4eee9779866a4c63447b7b426e77b2f721dbf945e57bb558,d6d1e61558aa5e6db72225c09d1f5fce9461c417327c815d1b671940b496de48,303c1f275b35332a74425fc4c1854229affe39dc00a8bd6eeb394cdc379abdc2,2026-08-04-poisson-nystroem-v1
kfold,density,kneighbors_regressor,5,0.0066265818230693,0.0001295762975316,0.0363066618644549,0.0005849548446929,0.9967667751904984,0.0001102893602311,0.0,0.0,0.0568518901281859,0.0009711914629837,0.2603418379221295,0.0040583521200314,0.3722923692675253,0.0109350500090431,0.6599958307259403,0.0099176964538424,0.1816195103687772,0.0037314916967527,0.5830151716395806,0.0194454257205684,,True,nan | nan | nan | nan | nan,45b1899ee22d8e2d4eee9779866a4c63447b7b426e77b2f721dbf945e57bb558,d6d1e61558aa5e6db72225c09d1f5fce9461c417327c815d1b671940b496de48,d3226df2537c660cebbb28b26af37558651fe5e9cbcda6cb639d55a8ef5f6344,2026-08-04-poisson-nystroem-v1
kfold,density,linear_svr,5,0.1956020804866074,0.0017163281465015,0.2747355393248035,0.0021595371490277,0.8149126726538573,0.0018566488390656,0.1385234743139672,0.0022031163737106,0.4301912985866251,0.0021567003761067,0.2504231943746032,0.0036883037485454,0.3833265710602678,0.0193152366442868,0.6379029188037737,0.0456006677510204,0.1762642625712793,0.0060777394222292,0.6001763444096058,0.0286816369629739,"Liblinear failed to converge, increase the number of iterations.",False,5000 | 5000 | 5000 | 5000 | 5000,45b1899ee22d8e2d4eee9779866a4c63447b7b426e77b2f721dbf945e57bb558,d6d1e61558aa5e6db72225c09d1f5fce9461c417327c815d1b671940b496de48,9eda51df316c2e3cddc25b99f2feadc4101f7d8eda06b67b77bf1ca2ddab10d5,2026-08-04-poisson-nystroem-v1
kfold,density,poisson_regressor,5,0.2109671991623693,0.000789036711491,0.278076140746517,0.0013092742585684,0.8103847742041964,0.0007057823996639,0.1683198081026335,0.0011157563714626,0.4354252882254085,0.0008102345471964,0.23164857599338,0.0040806366890201,0.3081546519923267,0.0065684305232626,0.7670165629337449,0.0049140962424274,0.1831168622980892,0.0049693759807439,0.4825600512609239,0.0120918843941455,,True,53 | 58 | 66 | 56 | 59,45b1899ee22d8e2d4eee9779866a4c63447b7b426e77b2f721dbf945e57bb558,d6d1e61558aa5e6db72225c09d1f5fce9461c417327c815d1b671940b496de48,076ef5e7242e18d0f7a7d4449c026246529209c91b8d5093c5220506b0a13f9a,2026-08-04-poisson-nystroem-v1
kfold,density,svr_rbf,5,0.0981261519404455,0.0004894243496757,0.1242755953366759,0.0008560537452066,0.9621270949541202,0.0004291929151573,0.0994400672575606,0.0001022662460258,0.1945971029302744,0.0011033707707539,0.2209923157690936,0.0087296042050663,0.3159312415459488,0.01364295573438,0.7550742598200364,0.0147383776184575,0.1551286032641383,0.0074770709040437,0.4947680092300897,0.0231988945675114,Solver terminated early (max_iter=20000).  Consider pre-processing your data with StandardScaler or MinMaxScaler.,False,20000 | 20000 | 20000 | 20000 | 20000,45b1899ee22d8e2d4eee9779866a4c63447b7b426e77b2f721dbf945e57bb558,d6d1e61558aa5e6db72225c09d1f5fce9461c417327c815d1b671940b496de48,fef5a575a49136c346144322849d5164f18dc282c01323745057e0f500d3dfb8,2026-08-04-poisson-nystroem-v1
kfold,density,nu_svr,5,0.0767563040804333,0.0025361041663922,0.1156594742499986,0.0029560283295978,0.967184579551096,0.0015641216510696,0.0593127119636506,0.0010915239105594,0.1811000321271242,0.0043041833751758,0.220559326545906,0.0075657902923968,0.3161219758130819,0.0130468176914517,0.7547966098292495,0.0136807659571465,0.1531620404870993,0.0047439774032255,0.4950650232090889,0.0222878136971609,Solver terminated early (max_iter=20000).  Consider pre-processing your data with StandardScaler or MinMaxScaler.,False,20000 | 20000 | 20000 | 20000 | 20000,45b1899ee22d8e2d4eee9779866a4c63447b7b426e77b2f721dbf945e57bb558,d6d1e61558aa5e6db72225c09d1f5fce9461c417327c815d1b671940b496de48,c6446a91abc8f7c83f6abdc1f3507eccac19d5482e31328c7eb8dbd1c7fd7d1b,2026-08-04-poisson-nystroem-v1
kfold,density,nystroem_ridge,5,0.271842285006078,0.0034555683061327,0.3840038666596682,0.0042356683404284,0.6383918320102312,0.0066352452960436,0.1945401793138739,0.0029442551227192,0.6012875212802389,0.0055069068948375,0.2799648019223686,0.0086444205942655,0.3925463395320064,0.0167033457084852,0.621869485068933,0.0226246039151716,0.2021268030023639,0.0092845942989332,0.6147497027894848,0.0283572850051274,,True,[19] | [19] | [20] | [19] | [19],45b1899ee22d8e2d4eee9779866a4c63447b7b426e77b2f721dbf945e57bb558,d6d1e61558aa5e6db72225c09d1f5fce9461c417327c815d1b671940b496de48,1eb2df7844e678d1163792927e9f61183e5ba173eeb1813d2102406875f4f797,2026-08-04-poisson-nystroem-v1
kfold,density,pls_regression,5,0.1943859492281923,0.0007399078149152,0.2589523862794513,0.001313041619722,0.8355661297237786,0.0012070721285361,0.1503755074701402,0.0005889834490139,0.4054814128542163,0.001486306879403,0.223111778437657,0.0044280265672306,0.300840604471969,0.006385520541189,0.7778994708454505,0.00687341863497,0.171768660056712,0.0065163978656487,0.4711006707626591,0.0114763636847539,,True,"[1, 1, 1, 1, 1, 1, 1, 1] | [1, 1, 1, 1, 1, 1, 1, 1] | [1, 1, 1, 1, 1, 1, 1, 1] | [1, 1, 1, 1, 1, 1, 1, 1] | [1, 1, 1, 1, 1, 1, 1, 1]",45b1899ee22d8e2d4eee9779866a4c63447b7b426e77b2f721dbf945e57bb558,d6d1e61558aa5e6db72225c09d1f5fce9461c417327c815d1b671940b496de48,13da119d7cd14eaa945d84a0b4aba89e3c99fe4c3bd5eca07e6c9ddfb660964c,2026-08-04-poisson-nystroem-v1
kfold,density,mlp_regressor,5,0.0795350808991853,0.015125137571015,0.1449635558353572,0.0166910368349211,0.9478714687988627,0.012399549969637,0.0421670634159788,0.0104995856744496,0.2270481147118472,0.0267469311678281,0.2437303021826908,0.017589969906086,0.3433119188833645,0.0272108780195262,0.7103526141960226,0.037462568258152,0.1733607236402434,0.0115203363785061,0.5377151114890848,0.0448336887665156,,True,32 | 53 | 94 | 69 | 199,45b1899ee22d8e2d4eee9779866a4c63447b7b426e77b2f721dbf945e57bb558,d6d1e61558aa5e6db72225c09d1f5fce9461c417327c815d1b671940b496de48,848a8e53918c3d7f3a51170a53aa12552532ee8dec773b27dfaf373a1e666567,2026-08-04-poisson-nystroem-v1
kfold,density,decision_tree,5,0.1098531233436866,0.003456530241861,0.1796305452502552,0.0071360744186979,0.920792875377184,0.006004714174797,0.0571140597290811,0.0005994134051848,0.2812610355848802,0.0106771316189552,0.2643845741874412,0.0050805236264688,0.3807706153910117,0.0084087254328382,0.6441415039505524,0.013649208881801,0.1817422746317935,0.0026111953898537,0.5962614967582682,0.0146459075011074,,True,nan | nan | nan | nan | nan,45b1899ee22d8e2d4eee9779866a4c63447b7b426e77b2f721dbf945e57bb558,d6d1e61558aa5e6db72225c09d1f5fce9461c417327c815d1b671940b496de48,364705d7858ccdea68af74cce393f3cc6c761ddbb43051cc5b8a688574502e7c,2026-08-04-poisson-nystroem-v1
kfold,density,extra_tree,5,0.1276355924965045,0.0087587913902464,0.196170012062548,0.0109655137922685,0.9054266768721412,0.0101907870115861,0.0762874725947947,0.0078424452599371,0.3071503140223455,0.0166685463807175,0.2586623853967581,0.0054945847656235,0.3733403648788812,0.0091229941780567,0.6579619657030147,0.0116955057910292,0.1758679023019142,0.0041387777726005,0.5846364219177804,0.0161323420180747,,True,nan | nan | nan | nan | nan,45b1899ee22d8e2d4eee9779866a4c63447b7b426e77b2f721dbf945e57bb558,d6d1e61558aa5e6db72225c09d1f5fce9461c417327c815d1b671940b496de48,e55ec12c255f91cbcee97defed587745ddc0becff6ff999843d50608b57bb666,2026-08-04-poisson-nystroem-v1
kfold,density,random_forest,5,0.0899674319742176,0.0001615685065295,0.1353195456649346,0.0006439621450482,0.9550943605921351,0.000651661916968,0.0591948117367338,0.000338277252254,0.211894134313861,0.0015381254160277,0.196996490163928,0.0058830622270946,0.2821909163148099,0.0090322497348177,0.8045866941342688,0.0087635559869416,0.1365180727757426,0.0053332324660594,0.441909213714119,0.0156007298234905,,True,nan | nan | nan | nan | nan,45b1899ee22d8e2d4eee9779866a4c63447b7b426e77b2f721dbf945e57bb558,d6d1e61558aa5e6db72225c09d1f5fce9461c417327c815d1b671940b496de48,389fc0a340c1964993165d042b1749513aa3ef351bbaaf8c8a3dc5dd9dec837b,2026-08-04-poisson-nystroem-v1
kfold,density,extra_trees,5,0.0425686259539608,0.0002607448063709,0.0766159901061802,0.0012202944302953,0.985600045928701,0.0005594144992957,0.0198125799973332,0.0001761896644507,0.1199756854790629,0.0023201919549335,0.1905613062770083,0.005325906629058,0.2784804103599486,0.0089891834688601,0.8096945753230248,0.0085279817520199,0.1281601261299717,0.004343316234478,0.4360991127374649,0.0154984448792758,,True,nan | nan | nan | nan | nan,45b1899ee22d8e2d4eee9779866a4c63447b7b426e77b2f721dbf945e57bb558,d6d1e61558aa5e6db72225c09d1f5fce9461c417327c815d1b671940b496de48,857f3d5d3a5d8b452655ae1db5ce832b073483ad4fb1671790f8010347cf6752,2026-08-04-poisson-nystroem-v1
kfold,density,gradient_boosting,5,0.2437868778359274,0.0018273724257027,0.3215274529246485,0.0023799614330139,0.7464943189901896,0.0026936784149934,0.1912663215555784,0.00146994381806,0.5034618703090196,0.0026763514338228,0.2527152936640212,0.0040346822510674,0.3387456458344727,0.0101052162318688,0.7184614646816334,0.0102173079651333,0.1957638633499701,0.003924643404912,0.530475818858289,0.0177566097544765,,True,nan | nan | nan | nan | nan,45b1899ee22d8e2d4eee9779866a4c63447b7b426e77b2f721dbf945e57bb558,d6d1e61558aa5e6db72225c09d1f5fce9461c417327c815d1b671940b496de48,ba2c142849e1cf074b77732a49987a9d247463cb8f2224de287e8cc1a5f97171,2026-08-04-poisson-nystroem-v1
kfold,density,hist_gradient_boosting,5,0.1709968648118239,0.0007634310020667,0.2307898942627061,0.0014067947090388,0.8693851078166404,0.0014338834216583,0.1308022750210767,0.001386230659247,0.3613838603519342,0.0019849946997798,0.2016099837629752,0.0033705495303844,0.2770167544447997,0.0066900128474679,0.8117350600109043,0.0043217807271141,0.1526831509463847,0.0020652832415483,0.4338037239828312,0.01214476307911,,True,150 | 150 | 150 | 150 | 150,45b1899ee22d8e2d4eee9779866a4c63447b7b426e77b2f721dbf945e57bb558,d6d1e61558aa5e6db72225c09d1f5fce9461c417327c815d1b671940b496de48,8f7253d865bfcdc197513116f97743d778d9acaeec5862614d7595a21ce8c6af,2026-08-04-poisson-nystroem-v1
kfold,density,adaboost,5,0.3404982491658503,0.0074962527042529,0.4387621411693826,0.0078266781831448,0.5278688015789073,0.0144604734509731,0.2800460243705447,0.0066237269549798,0.6870175780712577,0.0105738278945561,0.34261426865891,0.0070275354931552,0.4434109443663546,0.0101626074001372,0.517336006805216,0.0217053735666453,0.2801823471689234,0.0094690212171053,0.694344170267366,0.0171796409817625,,True,nan | nan | nan | nan | nan,45b1899ee22d8e2d4eee9779866a4c63447b7b426e77b2f721dbf945e57bb558,d6d1e61558aa5e6db72225c09d1f5fce9461c417327c815d1b671940b496de48,aa1ae57038381f682701e58b946d334f6e5012e4dc5a098e53d61d158f15ac2c,2026-08-04-poisson-nystroem-v1
kfold,density,bagging,5,0.1974768035520156,0.0014115959632716,0.2760644743463766,0.0023629623366566,0.8131011543948936,0.0034775751710576,0.1402583647735877,0.0010177660628319,0.4322808216030415,0.0040152087896664,0.2374469743772504,0.006989548391218,0.330531248016682,0.0135433719126999,0.7318803331522736,0.0159792385725517,0.1743944918236518,0.0025734198685791,0.5176239651951543,0.0230018146838654,,True,nan | nan | nan | nan | nan,45b1899ee22d8e2d4eee9779866a4c63447b7b426e77b2f721dbf945e57bb558,d6d1e61558aa5e6db72225c09d1f5fce9461c417327c815d1b671940b496de48,3017127aa12ab38be3c104c89fad7bf83ec2c761f10f697f0a450e98821b5477,2026-08-04-poisson-nystroem-v1
kfold,density,voting_regressor,5,0.1495234480680036,0.0008309465738034,0.1990939649090509,0.0010852305919368,0.9028001170940928,0.0006931972597338,0.1156541901421698,0.0003858581453372,0.3117513240219238,0.0011119366993102,0.20240923798103,0.0043631870335885,0.2798832232599682,0.0076609573751166,0.8076977916139905,0.0094667439194315,0.1499234673243012,0.0030952543758848,0.4382795986535191,0.012985345215137,,True,nan | nan | nan | nan | nan,45b1899ee22d8e2d4eee9779866a4c63447b7b426e77b2f721dbf945e57bb558,d6d1e61558aa5e6db72225c09d1f5fce9461c417327c815d1b671940b496de48,603df8ce012847e429e97e9accc5c97f23e8704c7e120e19e01d4c575dc8cd80,2026-08-04-poisson-nystroem-v1
kfold,density,stacking_regressor,5,0.141927951625086,0.0033175380707052,0.175110123005144,0.0045428227110031,0.9247674392556128,0.003878557189142,0.1219304792346291,0.003972767544949,0.2741977729820252,0.0071061247727134,0.2330036868103594,0.0049547471872507,0.3054735607495444,0.0064624244499255,0.770909329117673,0.0102726274431415,0.1939619308488679,0.0053135095498801,0.4783431878018481,0.0109544963894007,,True,nan | nan | nan | nan | nan,45b1899ee22d8e2d4eee9779866a4c63447b7b426e77b2f721dbf945e57bb558,d6d1e61558aa5e6db72225c09d1f5fce9461c417327c815d1b671940b496de48,1329097532be6c67f3647cdb6ce5be4f5815714064dfd59f21ec97f90db2c6b0,2026-08-04-poisson-nystroem-v1
kfold,density,xgb_regressor,5,0.163396680819026,0.0010958478117579,0.2143055934062791,0.0012809719299663,0.8873770285702582,0.0012510138685273,0.1277800805803162,0.0013707005082604,0.3355720692933666,0.0018588744949531,0.205618693061046,0.0027663434012811,0.279202962111685,0.0062118060019614,0.8086950033471915,0.0062987377924104,0.1563911625510849,0.0016193569546618,0.4372175268269498,0.0110563933603817,,True,nan | nan | nan | nan | nan,45b1899ee22d8e2d4eee9779866a4c63447b7b426e77b2f721dbf945e57bb558,d6d1e61558aa5e6db72225c09d1f5fce9461c417327c815d1b671940b496de48,72d82ff87f0e09171a8220d06b59062124d9b75d7f10c0034291bbd6a6be4848,2026-08-04-poisson-nystroem-v1
kfold,density,lgbm_regressor,5,0.1509037478753765,0.0009323907058358,0.2051339277794991,0.0014663006287771,0.8968133257713898,0.0009672573503224,0.1139270177704428,0.0007991011892968,0.3212074663144241,0.0015065603596235,0.1941610031767819,0.0027845757855537,0.2683511168399626,0.0061945499828938,0.8233229460786882,0.0040277915737102,0.1447948903026122,0.0037379530161065,0.4202313775843841,0.0112732404576309,,True,250 | 250 | 250 | 250 | 250,45b1899ee22d8e2d4eee9779866a4c63447b7b426e77b2f721dbf945e57bb558,d6d1e61558aa5e6db72225c09d1f5fce9461c417327c815d1b671940b496de48,46929a10c909e5775e3ee3ac6ee4a4e5f9b910aeb26e1bdd31b770f7ed1a9fdf,2026-08-04-poisson-nystroem-v1
kfold,density,catboost_regressor,5,0.2240534139246193,0.0012933286740661,0.2947259421794958,0.001638892665149,0.7869925237919962,0.0021605342886527,0.177231503951474,0.0014591505094778,0.4614988449054104,0.0023359605680739,0.2347222047155204,0.0058773930576853,0.3142399943029461,0.0104409373863215,0.7576849761343134,0.0111447779580625,0.1830340969500129,0.0028476062112683,0.4921005226313981,0.018014501510791,,True,nan | nan | nan | nan | nan,45b1899ee22d8e2d4eee9779866a4c63447b7b426e77b2f721dbf945e57bb558,d6d1e61558aa5e6db72225c09d1f5fce9461c417327c815d1b671940b496de48,43e5cb9bd749a21ca08863e3ec840e4155f1977cde25c5d9efff408de952f176,2026-08-04-poisson-nystroem-v1
kfold,pld,linear_regression,5,1.0022936518716068,0.0072802861128376,1.491625774042998,0.0214781944055305,0.816337875405927,0.0050208135777565,0.6777728612867431,0.0084970316739695,0.428504117438647,0.0058565946495985,1.3202679473366987,0.0624778599433652,2.179926431325228,0.3535395449957479,0.6003341988839193,0.1238452952918838,0.8371895516404114,0.0262214316694325,0.626544090199817,0.1041470501627561,,True,nan | nan | nan | nan | nan,45b1899ee22d8e2d4eee9779866a4c63447b7b426e77b2f721dbf945e57bb558,d6d1e61558aa5e6db72225c09d1f5fce9461c417327c815d1b671940b496de48,45e6f5a8a432c5a8cf2ce9d58dc694b063be2e08fb9b528c7895fcee0c21e9fa,2026-08-04-poisson-nystroem-v1
kfold,pld,ridge,5,1.0040336348814345,0.0077124789827465,1.4936982542272876,0.0212926764629203,0.81582678669816,0.0050255821260018,0.6805996790022781,0.0085006048568721,0.4291000491881383,0.0058525962094447,1.2774187195952629,0.033408774192491,1.9990446502833985,0.2068075835224145,0.6666747634146291,0.0665774596718928,0.8341226951833821,0.0252536117772879,0.5744161287192577,0.061265188773163,,True,[174] | [205] | [169] | [204] | [196],45b1899ee22d8e2d4eee9779866a4c63447b7b426e77b2f721dbf945e57bb558,d6d1e61558aa5e6db72225c09d1f5fce9461c417327c815d1b671940b496de48,17f8adf506e53a71edf2ddbb043946ba53461b54b4d9532c6d3cd58d1a14654c,2026-08-04-poisson-nystroem-v1
kfold,pld,lasso,5,1.010932506139398,0.0072253846128376,1.5053450068679202,0.0205356239827167,0.8129463143191098,0.0048535857962892,0.6765284335044964,0.0092771513302723,0.4324457002689844,0.0056065476789066,1.2110507157317518,0.0167076521929076,1.8017841545504545,0.0780592377736013,0.7309912874177307,0.0208036304527186,0.8080023688185728,0.0189211866945233,0.5177350062068417,0.0258557260806394,"Objective did not converge. You might want to increase the number of iterations, check the scale of the features or consider increasing regularisation. Duality gap: 2.703e+01, tolerance: 1.197e+01 | Objective did not converge. You might want to increase the number of iterations, check the scale of the features or consider increasing regularisation. Duality gap: 3.602e+01, tolerance: 1.196e+01",False,3000 | 3000 | 1371 | 2706 | 2715,45b1899ee22d8e2d4eee9779866a4c63447b7b426e77b2f721dbf945e57bb558,d6d1e61558aa5e6db72225c09d1f5fce9461c417327c815d1b671940b496de48,bb66d72029d4bc28e26575fa5c13468e9ef4ea776a441d8def4424880ce4ebdc,2026-08-04-poisson-nystroem-v1
kfold,pld,elastic_net,5,1.0082458213525138,0.007383725119244,1.50082286209814,0.0206619943610898,0.8140689202560083,0.0048258381692393,0.6780303885137081,0.0078902507713546,0.4311460526976446,0.0055925452296921,1.225405562525161,0.0185333016751089,1.824445007740584,0.0779832185464011,0.7240858215792915,0.022619796978062,0.8180856418047485,0.0229405747458799,0.5242336708393573,0.0255824695427541,"Objective did not converge. You might want to increase the number of iterations, check the scale of the features or consider increasing regularisation. Duality gap: 2.037e+01, tolerance: 1.191e+01 | Objective did not converge. You might want to increase the number of iterations, check the scale of the features or consider increasing regularisation. Duality gap: 2.116e+01, tolerance: 1.161e+01 | Objective did not converge. You might want to increase the number of iterations, check the scale of the features or consider increasing regularisation. Duality gap: 2.292e+01, tolerance: 1.142e+01 | Objective did not converge. You might want to increase the number of iterations, check the scale of the features or consider increasing regularisation. Duality gap: 5.418e+01, tolerance: 1.196e+01 | Objective did not converge. You might want to increase the number of iterations, check the scale of the features or consider increasing regularisation. Duality gap: 8.220e+01, tolerance: 1.197e+01",False,3000 | 3000 | 3000 | 3000 | 3000,45b1899ee22d8e2d4eee9779866a4c63447b7b426e77b2f721dbf945e57bb558,d6d1e61558aa5e6db72225c09d1f5fce9461c417327c815d1b671940b496de48,3b36992caf47513a7416471036cb653a59932a9794713b7c1140780cf4b46529,2026-08-04-poisson-nystroem-v1
kfold,pld,bayesian_ridge,5,1.031434428288854,0.006134925140201,1.5375030210807008,0.0196538590181636,0.8048743133602672,0.0046189014862797,0.6906882789314391,0.0046923390783423,0.4416828940296612,0.0052227305644566,1.1977611664245742,0.0160861464138786,1.7626810916155589,0.0834308991218573,0.7425546675835945,0.0208563601207742,0.8026314044872855,0.0172396467449061,0.5065084758700995,0.0273102668483643,,True,9 | 9 | 9 | 9 | 9,45b1899ee22d8e2d4eee9779866a4c63447b7b426e77b2f721dbf945e57bb558,d6d1e61558aa5e6db72225c09d1f5fce9461c417327c815d1b671940b496de48,907cce3461e6a7a4b2039f5d3c2414495244fc5d05ae8956c20cdfa7f1b343da,2026-08-04-poisson-nystroem-v1
kfold,pld,huber_regressor,5,0.9168966561396656,0.0051470335709843,1.598953859972843,0.0246442523814172,0.7889274422396271,0.0072075074475657,0.4555874903435514,0.0086768809177226,0.4593495103167025,0.0078148365790672,1.182230297599094,0.0259760725829051,1.9986884161591227,0.1519601455202487,0.6683948541185953,0.0449195385406048,0.6256797412254105,0.0097720450962158,0.5743565576634099,0.0466761352949067,"lbfgs failed to converge after 300 iteration(s) (status=1):
STOP: TOTAL NO. OF ITERATIONS REACHED LIMIT

Increase the number of iterations to improve the convergence (max_iter=300).
You might also want to scale the data as shown in:
    https://scikit-learn.org/stable/modules/preprocessing.html",False,300 | 300 | 300 | 300 | 300,45b1899ee22d8e2d4eee9779866a4c63447b7b426e77b2f721dbf945e57bb558,d6d1e61558aa5e6db72225c09d1f5fce9461c417327c815d1b671940b496de48,0645c40722c17e32a03093c075e2cc107434f6f6053f9d583b37341c2b1f0bf5,2026-08-04-poisson-nystroem-v1
kfold,pld,sgd_regressor,5,343967184806.9466,16187400704.30648,981526173124.8544,80921603970.66243,-7.975269269128466e+22,1.1525367441102033e+22,118439640587.41508,16261299728.419788,281794118170.20026,20510907757.480103,335691161586.86755,23062066463.6982,874561025468.416,66640518979.79921,-6.3631388154216745e+22,9.6271547808098e+21,122176300370.37178,17697078407.804863,251281299839.30664,19880185929.52064,,True,6 | 6 | 6 | 6 | 6,45b1899ee22d8e2d4eee9779866a4c63447b7b426e77b2f721dbf945e57bb558,d6d1e61558aa5e6db72225c09d1f5fce9461c417327c815d1b671940b496de48,9adc0b1c217c9cb9941d0221bb5668d2c61f4484f9d40d45ef5c089e94acccc7,2026-08-04-poisson-nystroem-v1
kfold,pld,passive_aggressive_regressor,5,1.7930532310826557,0.1223067394294922,2.42695391730554,0.1426439286388907,0.5123930375035357,0.0582971742204588,1.3592962129743549,0.1322628602426299,0.6972532662300266,0.0417530099979717,1.956816174358248,0.1364757661331379,2.6825718643353964,0.1772419554997512,0.400341201305479,0.0975267908925541,1.4817419999048966,0.1258725291469263,0.7706500292156425,0.050925381577846,,True,15 | 12 | 8 | 18 | 12,45b1899ee22d8e2d4eee9779866a4c63447b7b426e77b2f721dbf945e57bb558,d6d1e61558aa5e6db72225c09d1f5fce9461c417327c815d1b671940b496de48,303c1f275b35332a74425fc4c1854229affe39dc00a8bd6eeb394cdc379abdc2,2026-08-04-poisson-nystroem-v1
kfold,pld,kneighbors_regressor,5,0.0251985197934205,0.0013306231948264,0.1562772714310205,0.0094989779685699,0.9979772669512508,0.0002510040547346,0.0,0.0,0.044900648706145,0.0028409010029672,1.1808674060612128,0.0389702635137048,1.902308445272509,0.0988791897688555,0.7005226080931529,0.0203053768756618,0.6796279788702373,0.0242417342885726,0.5466888075409025,0.0329687679042799,,True,nan | nan | nan | nan | nan,45b1899ee22d8e2d4eee9779866a4c63447b7b426e77b2f721dbf945e57bb558,d6d1e61558aa5e6db72225c09d1f5fce9461c417327c815d1b671940b496de48,d3226df2537c660cebbb28b26af37558651fe5e9cbcda6cb639d55a8ef5f6344,2026-08-04-poisson-nystroem-v1
kfold,pld,linear_svr,5,0.9208974530676024,0.0048758412422475,1.6489433208364794,0.0247187010823774,0.7755167733414068,0.0078399697309983,0.4057457464290037,0.0045799484156687,0.4737150984032935,0.0082252596304358,1.1993901918923944,0.0458645281963094,2.13935492056782,0.3195833038860149,0.6170809382800864,0.1070082914639559,0.596331944667995,0.0232643564545108,0.6149630564393999,0.0952705624342456,"Liblinear failed to converge, increase the number of iterations.",False,5000 | 5000 | 5000 | 5000 | 5000,45b1899ee22d8e2d4eee9779866a4c63447b7b426e77b2f721dbf945e57bb558,d6d1e61558aa5e6db72225c09d1f5fce9461c417327c815d1b671940b496de48,9eda51df316c2e3cddc25b99f2feadc4101f7d8eda06b67b77bf1ca2ddab10d5,2026-08-04-poisson-nystroem-v1
kfold,pld,poisson_regressor,5,0.9631165363696328,0.0077076139233031,1.481618257700685,0.0270564276750842,0.8187884187983746,0.0059343163898907,0.6395604762727632,0.0064309727802278,0.4256216749826705,0.0069925914962037,1.08389203113964,0.0302524807314209,1.6853080848485376,0.1190466924059294,0.764942480637162,0.022998484559938,0.7015128474153907,0.0145169893984747,0.4843804184335448,0.0381762763517513,,True,145 | 134 | 143 | 138 | 135,45b1899ee22d8e2d4eee9779866a4c63447b7b426e77b2f721dbf945e57bb558,d6d1e61558aa5e6db72225c09d1f5fce9461c417327c815d1b671940b496de48,076ef5e7242e18d0f7a7d4449c026246529209c91b8d5093c5220506b0a13f9a,2026-08-04-poisson-nystroem-v1
kfold,pld,svr_rbf,5,0.449254641232747,0.006344315297565,1.0239747675318005,0.0307401100366443,0.9134316987515736,0.0043945845067268,0.1031117877942509,0.0001701320969315,0.2941334101571287,0.0074939084201231,1.0475149137631194,0.0277175314149792,1.6903539252245452,0.1058017626360576,0.7634837716212322,0.0208150693575268,0.6044126709814954,0.0130044536629092,0.4857970689567527,0.0342076160697154,Solver terminated early (max_iter=20000).  Consider pre-processing your data with StandardScaler or MinMaxScaler.,False,20000 | 20000 | 20000 | 20000 | 20000,45b1899ee22d8e2d4eee9779866a4c63447b7b426e77b2f721dbf945e57bb558,d6d1e61558aa5e6db72225c09d1f5fce9461c417327c815d1b671940b496de48,fef5a575a49136c346144322849d5164f18dc282c01323745057e0f500d3dfb8,2026-08-04-poisson-nystroem-v1
kfold,pld,nu_svr,5,0.4987568933435381,0.0076177950530502,1.030887441542482,0.0326133647964936,0.9122621917252278,0.0045284071910262,0.2280594487068319,0.0016597372529834,0.2961103140485667,0.007702146590643,1.054516245474765,0.0251180514326657,1.6910466068452383,0.1014268719025919,0.7632696416850603,0.0201709310645994,0.6168774400110626,0.0173938380577441,0.4859855436570968,0.0328999116818569,Solver terminated early (max_iter=20000).  Consider pre-processing your data with StandardScaler or MinMaxScaler.,False,20000 | 20000 | 20000 | 20000 | 20000,45b1899ee22d8e2d4eee9779866a4c63447b7b426e77b2f721dbf945e57bb558,d6d1e61558aa5e6db72225c09d1f5fce9461c417327c815d1b671940b496de48,c6446a91abc8f7c83f6abdc1f3507eccac19d5482e31328c7eb8dbd1c7fd7d1b,2026-08-04-poisson-nystroem-v1
kfold,pld,nystroem_ridge,5,1.3424771996401812,0.0232974308526519,2.0140950497354755,0.0500867225383203,0.6647406422113304,0.0229059761314571,0.9526474211704964,0.01231622114257,0.5787207040867943,0.0195956928153653,1.386739693518353,0.0387697995841184,2.07526344565721,0.1517381931483793,0.6440991331700964,0.0283240763437332,0.9814211851419096,0.0084539928872589,0.5965318122516855,0.0494235839542009,,True,[19] | [21] | [21] | [21] | [19],45b1899ee22d8e2d4eee9779866a4c63447b7b426e77b2f721dbf945e57bb558,d6d1e61558aa5e6db72225c09d1f5fce9461c417327c815d1b671940b496de48,1eb2df7844e678d1163792927e9f61183e5ba173eeb1813d2102406875f4f797,2026-08-04-poisson-nystroem-v1
kfold,pld,pls_regression,5,1.0677868134902426,0.0085188593308686,1.5782810065789112,0.0205256311895529,0.794396671402359,0.0043562838203614,0.7234775489064533,0.0117943150692296,0.453391311082764,0.0048066142009792,1.2158104869675568,0.0168362939915714,1.7835733968891556,0.0853898817107346,0.7364508723783597,0.0209750620515006,0.8155971152487087,0.0183043796209553,0.5125172684973368,0.0279961056860801,,True,"[1, 1, 1, 1, 1, 1, 1, 1] | [1, 1, 1, 1, 1, 1, 1, 1] | [1, 1, 1, 1, 1, 1, 1, 1] | [1, 1, 1, 1, 1, 1, 1, 1] | [1, 1, 1, 1, 1, 1, 1, 1]",45b1899ee22d8e2d4eee9779866a4c63447b7b426e77b2f721dbf945e57bb558,d6d1e61558aa5e6db72225c09d1f5fce9461c417327c815d1b671940b496de48,13da119d7cd14eaa945d84a0b4aba89e3c99fe4c3bd5eca07e6c9ddfb660964c,2026-08-04-poisson-nystroem-v1
kfold,pld,mlp_regressor,5,0.6406826040578963,0.1583668526241793,1.0396122075065422,0.2122114724441887,0.9076888557899704,0.033916632029066,0.3649780759632291,0.1017577423042885,0.2987947841750323,0.061474778374803,1.0601029131964412,0.03634502674138,1.6321244363263214,0.0981348343044486,0.7791996373372265,0.0223913752080469,0.6506027490711779,0.0397162580792182,0.4690130428474505,0.0310902617221916,,True,35 | 17 | 14 | 14 | 15,45b1899ee22d8e2d4eee9779866a4c63447b7b426e77b2f721dbf945e57bb558,d6d1e61558aa5e6db72225c09d1f5fce9461c417327c815d1b671940b496de48,848a8e53918c3d7f3a51170a53aa12552532ee8dec773b27dfaf373a1e666567,2026-08-04-poisson-nystroem-v1
kfold,pld,decision_tree,5,0.4638819340104987,0.0346217010334427,0.7852816375737606,0.0509202491428183,0.9489581640852622,0.0063772852802926,0.2862085634495839,0.0275391965983888,0.2255636064325838,0.0140374995391248,1.0915946255451978,0.0372534102705121,1.9004751892869027,0.1234974318681639,0.6990125556267903,0.0498902015046326,0.485470108954299,0.0115630521754958,0.5459692053872879,0.0353806802236067,,True,nan | nan | nan | nan | nan,45b1899ee22d8e2d4eee9779866a4c63447b7b426e77b2f721dbf945e57bb558,d6d1e61558aa5e6db72225c09d1f5fce9461c417327c815d1b671940b496de48,364705d7858ccdea68af74cce393f3cc6c761ddbb43051cc5b8a688574502e7c,2026-08-04-poisson-nystroem-v1
kfold,pld,extra_tree,5,0.5568439149980173,0.021643190286507,0.891025792337907,0.0334989272291664,0.9344447426404072,0.0040823301918045,0.354390034017107,0.0163339647082261,0.2559250758863222,0.0079737557759514,1.0887458774389362,0.0236684430903039,1.8943620912753751,0.0893385309580944,0.7016036802688218,0.0369549081090952,0.5146029337440086,0.0126565842342536,0.5442237523136688,0.0261477652335555,,True,nan | nan | nan | nan | nan,45b1899ee22d8e2d4eee9779866a4c63447b7b426e77b2f721dbf945e57bb558,d6d1e61558aa5e6db72225c09d1f5fce9461c417327c815d1b671940b496de48,e55ec12c255f91cbcee97defed587745ddc0becff6ff999843d50608b57bb666,2026-08-04-poisson-nystroem-v1
kfold,pld,random_forest,5,0.4048763882498233,0.0041350332143185,0.701744432350074,0.029437495704648,0.9593071857755124,0.0032303510856757,0.233685725488095,0.003625612888105,0.201582387679886,0.0081521684407559,0.8736408430317919,0.027228773034062,1.4177068536695825,0.1186859607169462,0.8326300992359507,0.0281441158981371,0.5182943480719697,0.0155854727385552,0.4073421428936698,0.0351887848542628,,True,nan | nan | nan | nan | nan,45b1899ee22d8e2d4eee9779866a4c63447b7b426e77b2f721dbf945e57bb558,d6d1e61558aa5e6db72225c09d1f5fce9461c417327c815d1b671940b496de48,389fc0a340c1964993165d042b1749513aa3ef351bbaaf8c8a3dc5dd9dec837b,2026-08-04-poisson-nystroem-v1
kfold,pld,extra_trees,5,0.1916481337648508,0.0043307620333895,0.4386407805819289,0.036207757261776,0.9840426217591096,0.002436902568812,0.0853424466666669,0.0006526812217176,0.1259898346517408,0.01014255567371,0.8271651039358641,0.0261208154747643,1.3925203497539678,0.1163259198699238,0.8383748267887883,0.027691390420013,0.4532823919999992,0.0210691404409259,0.4000755613729702,0.0341526861289099,,True,nan | nan | nan | nan | nan,45b1899ee22d8e2d4eee9779866a4c63447b7b426e77b2f721dbf945e57bb558,d6d1e61558aa5e6db72225c09d1f5fce9461c417327c815d1b671940b496de48,857f3d5d3a5d8b452655ae1db5ce832b073483ad4fb1671790f8010347cf6752,2026-08-04-poisson-nystroem-v1
kfold,pld,gradient_boosting,5,1.0524621475013256,0.0096295942839185,1.5040425363395122,0.0162456788273964,0.8132820217582756,0.0035977279893676,0.7276727750931047,0.0081644248696312,0.4320705513955898,0.0041527278793445,1.1040577560251017,0.023082052129587,1.6506965289351905,0.1094473790584578,0.7739481499595906,0.0267616286941373,0.7446270955651862,0.0091684985958074,0.4743410935654186,0.0339897167210751,,True,nan | nan | nan | nan | nan,45b1899ee22d8e2d4eee9779866a4c63447b7b426e77b2f721dbf945e57bb558,d6d1e61558aa5e6db72225c09d1f5fce9461c417327c815d1b671940b496de48,ba2c142849e1cf074b77732a49987a9d247463cb8f2224de287e8cc1a5f97171,2026-08-04-poisson-nystroem-v1
kfold,pld,hist_gradient_boosting,5,0.7509561791397986,0.0056449481813804,1.106530712138018,0.0148270716269635,0.8989230470892633,0.0029441192095431,0.5044073565434806,0.002339672896065,0.3178829196040054,0.0046094304804487,0.9310959898291764,0.02287995372421,1.4498430140589904,0.1032727704059355,0.8255571056991725,0.0222266423130607,0.5837102666248456,0.0108313538426054,0.416629486410596,0.031857472115313,,True,150 | 150 | 150 | 150 | 150,45b1899ee22d8e2d4eee9779866a4c63447b7b426e77b2f721dbf945e57bb558,d6d1e61558aa5e6db72225c09d1f5fce9461c417327c815d1b671940b496de48,8f7253d865bfcdc197513116f97743d778d9acaeec5862614d7595a21ce8c6af,2026-08-04-poisson-nystroem-v1
kfold,pld,adaboost,5,1.728673102390072,0.0476939312441909,2.147827521062559,0.0563855175096128,0.6191317891563657,0.0174878671340921,1.5292661030473886,0.0631421203901689,0.6169802683517973,0.0143332096039734,1.7464844895697105,0.0555350842711142,2.220375170116521,0.0558256690350599,0.591819987130126,0.0163274685389185,1.53224510104989,0.0743064377907067,0.6380156287986962,0.0225856711852044,,True,nan | nan | nan | nan | nan,45b1899ee22d8e2d4eee9779866a4c63447b7b426e77b2f721dbf945e57bb558,d6d1e61558aa5e6db72225c09d1f5fce9461c417327c815d1b671940b496de48,aa1ae57038381f682701e58b946d334f6e5012e4dc5a098e53d61d158f15ac2c,2026-08-04-poisson-nystroem-v1
kfold,pld,bagging,5,0.8043738711100563,0.0157869574716667,1.1307289734706114,0.0338299270199531,0.89441974064286,0.0058027763896333,0.5847380768213877,0.0106978626016504,0.3248139989889865,0.0090316790695131,1.0038950991190454,0.0282498357303689,1.5339767064665628,0.1232501831858286,0.8043882818726388,0.0301773595399868,0.6530701658398057,0.0136245885479927,0.4407933258966035,0.0371861396500805,,True,nan | nan | nan | nan | nan,45b1899ee22d8e2d4eee9779866a4c63447b7b426e77b2f721dbf945e57bb558,d6d1e61558aa5e6db72225c09d1f5fce9461c417327c815d1b671940b496de48,3017127aa12ab38be3c104c89fad7bf83ec2c761f10f697f0a450e98821b5477,2026-08-04-poisson-nystroem-v1
kfold,pld,voting_regressor,5,0.7250063231684125,0.0048479422511007,1.070402548355612,0.0124087169895116,0.9054164930724432,0.0025600923833692,0.4850343264638612,0.005118629113554,0.3075061822353643,0.0041410136515311,0.991639727829409,0.033666538181837,1.519868278827854,0.1327927042133649,0.8080173975850803,0.0305505136949294,0.6439152325740902,0.0170381648812669,0.4367654715630927,0.0402592825546217,,True,nan | nan | nan | nan | nan,45b1899ee22d8e2d4eee9779866a4c63447b7b426e77b2f721dbf945e57bb558,d6d1e61558aa5e6db72225c09d1f5fce9461c417327c815d1b671940b496de48,603df8ce012847e429e97e9accc5c97f23e8704c7e120e19e01d4c575dc8cd80,2026-08-04-poisson-nystroem-v1
kfold,pld,stacking_regressor,5,1.3048710381972206,0.1370548481316054,1.985471277403397,0.3642910089415658,0.6665994504962083,0.1120285735420367,0.6818012933749855,0.0534765058402856,0.5699795200598137,0.10301441588902,1.5854582056372093,0.1446727947530963,2.357466501516245,0.2932711552704709,0.5319424233372436,0.11678553596345,0.9611111889845196,0.0368444809637504,0.6770970695548781,0.0836233998800988,,True,nan | nan | nan | nan | nan,45b1899ee22d8e2d4eee9779866a4c63447b7b426e77b2f721dbf945e57bb558,d6d1e61558aa5e6db72225c09d1f5fce9461c417327c815d1b671940b496de48,1329097532be6c67f3647cdb6ce5be4f5815714064dfd59f21ec97f90db2c6b0,2026-08-04-poisson-nystroem-v1
kfold,pld,xgb_regressor,5,0.7103354793983022,0.0081373259554041,0.986412279342918,0.0124656671381384,0.9196723504320908,0.0024658888150719,0.5107968315658569,0.0022863423386171,0.2833803216456242,0.0043263654039066,0.9307978215280792,0.0233626230810189,1.4374979041059166,0.1150664753068406,0.8280746673267168,0.0270092462069118,0.6016130638427735,0.0201558247654741,0.4130374260568959,0.0343953021251042,,True,nan | nan | nan | nan | nan,45b1899ee22d8e2d4eee9779866a4c63447b7b426e77b2f721dbf945e57bb558,d6d1e61558aa5e6db72225c09d1f5fce9461c417327c815d1b671940b496de48,72d82ff87f0e09171a8220d06b59062124d9b75d7f10c0034291bbd6a6be4848,2026-08-04-poisson-nystroem-v1
kfold,pld,lgbm_regressor,5,0.6587874623246976,0.0064129631476265,0.9729274761009836,0.0125963192529699,0.921855996879386,0.002320933526113,0.443416842479367,0.0023882245641437,0.2795037218283075,0.0041274184680137,0.9100498930619568,0.0203558167634419,1.429918057144782,0.0960488275327107,0.8302029802238089,0.0218236326042452,0.5628861106905632,0.0154569011583116,0.4108738758870961,0.0293483563896536,,True,250 | 250 | 250 | 250 | 250,45b1899ee22d8e2d4eee9779866a4c63447b7b426e77b2f721dbf945e57bb558,d6d1e61558aa5e6db72225c09d1f5fce9461c417327c815d1b671940b496de48,46929a10c909e5775e3ee3ac6ee4a4e5f9b910aeb26e1bdd31b770f7ed1a9fdf,2026-08-04-poisson-nystroem-v1
kfold,pld,catboost_regressor,5,0.9760055989358406,0.0142021039823488,1.406246547525497,0.0248340854985105,0.8367461351254658,0.0056397748091134,0.6704904205255945,0.0122648932283442,0.4039777701803558,0.0069839751332721,1.042042983945155,0.0298100194553042,1.5683288921160683,0.1148584742533487,0.7958236427118781,0.0270114319900647,0.687997302225147,0.0123418597972715,0.4506761038148575,0.0352693375333559,,True,nan | nan | nan | nan | nan,45b1899ee22d8e2d4eee9779866a4c63447b7b426e77b2f721dbf945e57bb558,d6d1e61558aa5e6db72225c09d1f5fce9461c417327c815d1b671940b496de48,43e5cb9bd749a21ca08863e3ec840e4155f1977cde25c5d9efff408de952f176,2026-08-04-poisson-nystroem-v1
kfold,lcd,linear_regression,5,1.1315239056199593,0.0060959199754051,1.641194086646312,0.0174482840001858,0.8434129611169165,0.0023671813697551,0.7987864606854486,0.0062678447358943,0.3956813711453225,0.0029942332488403,1.4760428891480066,0.0572907814334912,2.38299751653806,0.3607641583365649,0.6667811789504521,0.0886662969721098,0.9754219607753404,0.0262695511564665,0.5749747497001337,0.0906733778220536,,True,nan | nan | nan | nan | nan,45b1899ee22d8e2d4eee9779866a4c63447b7b426e77b2f721dbf945e57bb558,d6d1e61558aa5e6db72225c09d1f5fce9461c417327c815d1b671940b496de48,45e6f5a8a432c5a8cf2ce9d58dc694b063be2e08fb9b528c7895fcee0c21e9fa,2026-08-04-poisson-nystroem-v1
kfold,lcd,ridge,5,1.1333666326346843,0.006484627947531,1.643266023494323,0.017342572001333,0.8430157945948581,0.0024836289883252,0.7966287245693098,0.0053134340494125,0.3961820021574588,0.0031358058065875,1.4263686224811791,0.0315787284337699,2.184222470998393,0.2393590634468608,0.7212336069978112,0.0525319268773111,0.9749042197814338,0.0239985312333516,0.5268659866703502,0.06068091292028,,True,[171] | [203] | [186] | [195] | [191],45b1899ee22d8e2d4eee9779866a4c63447b7b426e77b2f721dbf945e57bb558,d6d1e61558aa5e6db72225c09d1f5fce9461c417327c815d1b671940b496de48,17f8adf506e53a71edf2ddbb043946ba53461b54b4d9532c6d3cd58d1a14654c,2026-08-04-poisson-nystroem-v1
kfold,lcd,lasso,5,1.1416632967032438,0.0059152370400073,1.654670174430241,0.0167702115775582,0.8408300210745949,0.0023708062789038,0.7968993018349037,0.003532211973302,0.3989317294987959,0.0029726191948058,1.3616318040665418,0.0176815920284659,1.964476607274656,0.0673968518219725,0.775345967269189,0.0093172752796233,0.9463593684044164,0.0267726505827922,0.473720336067189,0.0191822143708761,"Objective did not converge. You might want to increase the number of iterations, check the scale of the features or consider increasing regularisation. Duality gap: 2.042e+01, tolerance: 1.641e+01 | Objective did not converge. You might want to increase the number of iterations, check the scale of the features or consider increasing regularisation. Duality gap: 2.562e+01, tolerance: 1.649e+01 | Objective did not converge. You might want to increase the number of iterations, check the scale of the features or consider increasing regularisation. Duality gap: 7.040e+01, tolerance: 1.686e+01 | Objective did not converge. You might want to increase the number of iterations, check the scale of the features or consider increasing regularisation. Duality gap: 8.774e+01, tolerance: 1.681e+01",False,3000 | 3000 | 2909 | 3000 | 3000,45b1899ee22d8e2d4eee9779866a4c63447b7b426e77b2f721dbf945e57bb558,d6d1e61558aa5e6db72225c09d1f5fce9461c417327c815d1b671940b496de48,bb66d72029d4bc28e26575fa5c13468e9ef4ea776a441d8def4424880ce4ebdc,2026-08-04-poisson-nystroem-v1
kfold,lcd,elastic_net,5,1.1380617171216765,0.0061150190464291,1.650053890881858,0.0167856899861536,0.8417168840715765,0.0023672879828057,0.7968828217565754,0.0033835429634935,0.3978187202850577,0.0029765878539362,1.3744649496520842,0.0187280560292919,1.9974288994598417,0.0842944516090849,0.7678121371092723,0.0110360230550132,0.9552451991976528,0.0248794612756055,0.4816898170373608,0.0234280234490706,"Objective did not converge. You might want to increase the number of iterations, check the scale of the features or consider increasing regularisation. Duality gap: 2.557e+01, tolerance: 1.681e+01 | Objective did not converge. You might want to increase the number of iterations, check the scale of the features or consider increasing regularisation. Duality gap: 4.640e+01, tolerance: 1.641e+01 | Objective did not converge. You might want to increase the number of iterations, check the scale of the features or consider increasing regularisation. Duality gap: 4.723e+01, tolerance: 1.649e+01 | Objective did not converge. You might want to increase the number of iterations, check the scale of the features or consider increasing regularisation. Duality gap: 6.008e+01, tolerance: 1.698e+01 | Objective did not converge. You might want to increase the number of iterations, check the scale of the features or consider increasing regularisation. Duality gap: 9.097e+01, tolerance: 1.686e+01",False,3000 | 3000 | 3000 | 3000 | 3000,45b1899ee22d8e2d4eee9779866a4c63447b7b426e77b2f721dbf945e57bb558,d6d1e61558aa5e6db72225c09d1f5fce9461c417327c815d1b671940b496de48,3b36992caf47513a7416471036cb653a59932a9794713b7c1140780cf4b46529,2026-08-04-poisson-nystroem-v1
kfold,lcd,bayesian_ridge,5,1.1649088188984718,0.0053185385424026,1.6859146571117385,0.0159809196751825,0.8347621866177107,0.0023137873361993,0.8143499535680944,0.005177284141089,0.4064656476436765,0.0028462899049344,1.3497738878774703,0.0159275696970424,1.932559889384298,0.0742037891730683,0.7825199619450519,0.0119927360740175,0.9544559153302408,0.0235976896207378,0.4660214785882628,0.0204701788149519,,True,8 | 9 | 8 | 9 | 9,45b1899ee22d8e2d4eee9779866a4c63447b7b426e77b2f721dbf945e57bb558,d6d1e61558aa5e6db72225c09d1f5fce9461c417327c815d1b671940b496de48,907cce3461e6a7a4b2039f5d3c2414495244fc5d05ae8956c20cdfa7f1b343da,2026-08-04-poisson-nystroem-v1
kfold,lcd,huber_regressor,5,1.0627376941305804,0.0039010982357842,1.7359837037574444,0.0207176045673402,0.8247883350529396,0.0039094290695334,0.6117187780075249,0.0038986402156257,0.4185406203221744,0.004660714359451,1.3646604842406027,0.0308117501392777,2.237337080711991,0.2106375982521021,0.7077957184649624,0.0465877395545985,0.8266578708691321,0.0070193052978468,0.5396268204343327,0.0536060995603747,"lbfgs failed to converge after 300 iteration(s) (status=1):
STOP: TOTAL NO. OF ITERATIONS REACHED LIMIT

Increase the number of iterations to improve the convergence (max_iter=300).
You might also want to scale the data as shown in:
    https://scikit-learn.org/stable/modules/preprocessing.html",False,300 | 300 | 300 | 300 | 300,45b1899ee22d8e2d4eee9779866a4c63447b7b426e77b2f721dbf945e57bb558,d6d1e61558aa5e6db72225c09d1f5fce9461c417327c815d1b671940b496de48,0645c40722c17e32a03093c075e2cc107434f6f6053f9d583b37341c2b1f0bf5,2026-08-04-poisson-nystroem-v1
kfold,lcd,sgd_regressor,5,353757723088.74023,25729736105.514656,1004378794132.9834,40316462195.952194,-5.869705064692257e+22,4.40891284102289e+21,119345078605.84738,24857067377.994625,242130781217.28403,8922804565.282024,351516341943.7225,24408756008.67398,935393224456.4211,51812815649.92836,-5.101755296154635e+22,5.060253884608923e+21,121875096840.47098,27269902656.74919,225562375307.9958,13366756292.740974,,True,6 | 6 | 6 | 6 | 6,45b1899ee22d8e2d4eee9779866a4c63447b7b426e77b2f721dbf945e57bb558,d6d1e61558aa5e6db72225c09d1f5fce9461c417327c815d1b671940b496de48,9adc0b1c217c9cb9941d0221bb5668d2c61f4484f9d40d45ef5c089e94acccc7,2026-08-04-poisson-nystroem-v1
kfold,lcd,passive_aggressive_regressor,5,1.9252316834179373,0.1061736936727077,2.6065179254154094,0.1353877938446822,0.6042172215345808,0.0406197078822579,1.4598961804218769,0.103186170896751,0.6284131472049488,0.0323835027115323,2.0992325380398995,0.1159394231644267,2.8920709879713824,0.1401514587647659,0.5118084550247486,0.0513006573139959,1.562608120039493,0.1320111760197658,0.6973294933588761,0.0351330894547031,,True,15 | 12 | 8 | 12 | 19,45b1899ee22d8e2d4eee9779866a4c63447b7b426e77b2f721dbf945e57bb558,d6d1e61558aa5e6db72225c09d1f5fce9461c417327c815d1b671940b496de48,303c1f275b35332a74425fc4c1854229affe39dc00a8bd6eeb394cdc379abdc2,2026-08-04-poisson-nystroem-v1
kfold,lcd,kneighbors_regressor,5,0.0301705748289656,0.0015068939404511,0.1711958619023187,0.0095308036761174,0.9982912491186772,0.0001973377066519,0.0,0.0,0.041279709302772,0.0023876198246911,1.3824584968419489,0.0277010073729096,2.1443669019598497,0.0835213530460507,0.7323681927450294,0.0118715397599983,0.8472175281751586,0.0184617806980144,0.5171144028082165,0.0233970427002934,,True,nan | nan | nan | nan | nan,45b1899ee22d8e2d4eee9779866a4c63447b7b426e77b2f721dbf945e57bb558,d6d1e61558aa5e6db72225c09d1f5fce9461c417327c815d1b671940b496de48,d3226df2537c660cebbb28b26af37558651fe5e9cbcda6cb639d55a8ef5f6344,2026-08-04-poisson-nystroem-v1
kfold,lcd,linear_svr,5,1.0634639801744423,0.0024906219149459,1.7897773652642308,0.0255171878994737,0.8137372413433177,0.0057614547163262,0.5796059948804302,0.0063221112200096,0.4315187233229493,0.0066310071350612,1.398088535894885,0.0458602468475239,2.39616100676069,0.3818658434931761,0.6619005193012374,0.101461750091368,0.8132697691263158,0.0023432658765922,0.5780817550836146,0.0952640186836256,"Liblinear failed to converge, increase the number of iterations.",False,5000 | 5000 | 5000 | 5000 | 5000,45b1899ee22d8e2d4eee9779866a4c63447b7b426e77b2f721dbf945e57bb558,d6d1e61558aa5e6db72225c09d1f5fce9461c417327c815d1b671940b496de48,9eda51df316c2e3cddc25b99f2feadc4101f7d8eda06b67b77bf1ca2ddab10d5,2026-08-04-poisson-nystroem-v1
kfold,lcd,poisson_regressor,5,1.0806201670695956,0.0071383589247311,1.595855773170629,0.0216330484162117,0.8519434392837928,0.0029377270813836,0.7446023925796925,0.0082554924636295,0.3847460980658648,0.0038340249789876,1.2262059008351862,0.0227136810322802,1.8284703336346309,0.1026749405208472,0.8053231012880486,0.0157042569489668,0.8336395356454547,0.0197321150632703,0.4409592419453934,0.0273128132913075,,True,170 | 190 | 175 | 175 | 189,45b1899ee22d8e2d4eee9779866a4c63447b7b426e77b2f721dbf945e57bb558,d6d1e61558aa5e6db72225c09d1f5fce9461c417327c815d1b671940b496de48,076ef5e7242e18d0f7a7d4449c026246529209c91b8d5093c5220506b0a13f9a,2026-08-04-poisson-nystroem-v1
kfold,lcd,svr_rbf,5,0.5209900351008403,0.0053581839513531,1.116695314701612,0.0252175533837807,0.927494214748509,0.0027214964094052,0.1036345458297275,0.0002133770237658,0.2692171351214451,0.0050566367328838,1.2143249289478617,0.0213979153131984,1.880732249872112,0.0860821988429301,0.7940211898161267,0.0136868999895007,0.7528243395480734,0.0100301058339279,0.4535368038263874,0.0232525699803956,Solver terminated early (max_iter=20000).  Consider pre-processing your data with StandardScaler or MinMaxScaler.,False,20000 | 20000 | 20000 | 20000 | 20000,45b1899ee22d8e2d4eee9779866a4c63447b7b426e77b2f721dbf945e57bb558,d6d1e61558aa5e6db72225c09d1f5fce9461c417327c815d1b671940b496de48,fef5a575a49136c346144322849d5164f18dc282c01323745057e0f500d3dfb8,2026-08-04-poisson-nystroem-v1
kfold,lcd,nu_svr,5,0.5957576535453738,0.0056194518612782,1.1272094719386712,0.0255424061532192,0.9261240224423948,0.0027173359890661,0.3069663584149243,0.00412016899176,0.2717502798016827,0.0050197347097457,1.222735204161511,0.0201643384576982,1.883962240363496,0.0848340157163042,0.7933126286600112,0.0135246521207641,0.7686442038698497,0.0181469127906181,0.4543142363436617,0.0229538647940816,Solver terminated early (max_iter=20000).  Consider pre-processing your data with StandardScaler or MinMaxScaler.,False,20000 | 20000 | 20000 | 20000 | 20000,45b1899ee22d8e2d4eee9779866a4c63447b7b426e77b2f721dbf945e57bb558,d6d1e61558aa5e6db72225c09d1f5fce9461c417327c815d1b671940b496de48,c6446a91abc8f7c83f6abdc1f3507eccac19d5482e31328c7eb8dbd1c7fd7d1b,2026-08-04-poisson-nystroem-v1
kfold,lcd,nystroem_ridge,5,1.559133047039797,0.0231262866852756,2.294336089855622,0.0443031361500404,0.6937507669836339,0.0158097970638258,1.097946658256185,0.0075114627477118,0.5532241235594743,0.0141764289183724,1.615379318251906,0.0245477022442118,2.376794619611657,0.1007114832019138,0.671314805326196,0.0134648993906213,1.1468875567788257,0.0262850924187237,0.5731870534298804,0.0282819175877198,,True,[21] | [21] | [20] | [21] | [20],45b1899ee22d8e2d4eee9779866a4c63447b7b426e77b2f721dbf945e57bb558,d6d1e61558aa5e6db72225c09d1f5fce9461c417327c815d1b671940b496de48,1eb2df7844e678d1163792927e9f61183e5ba173eeb1813d2102406875f4f797,2026-08-04-poisson-nystroem-v1
kfold,lcd,pls_regression,5,1.2075155813889349,0.0082997147646492,1.732658169784568,0.0177214065203454,0.8254740693246285,0.002476915765984,0.8486624554058508,0.0044967179632704,0.4177330615992126,0.0029694753257381,1.3709996039009178,0.0157854806560917,1.9619337504807048,0.0715133853212954,0.7758350898581734,0.0122925398376534,0.9635322885258836,0.0259148002644805,0.4730986137005238,0.0198034968003974,,True,"[1, 1, 1, 1, 1, 1, 1, 1] | [1, 1, 1, 1, 1, 1, 1, 1] | [1, 1, 1, 1, 1, 1, 1, 1] | [1, 1, 1, 1, 1, 1, 1, 1] | [1, 1, 1, 1, 1, 1, 1, 1]",45b1899ee22d8e2d4eee9779866a4c63447b7b426e77b2f721dbf945e57bb558,d6d1e61558aa5e6db72225c09d1f5fce9461c417327c815d1b671940b496de48,13da119d7cd14eaa945d84a0b4aba89e3c99fe4c3bd5eca07e6c9ddfb660964c,2026-08-04-poisson-nystroem-v1
kfold,lcd,mlp_regressor,5,0.805226566528272,0.0842318115431512,1.2366338387292848,0.1160365107525866,0.9105229281864472,0.0167679999043109,0.5030043804107291,0.0585360862645617,0.2981139277743298,0.0272934771412647,1.2525423487906862,0.0107998231923639,1.8718907710428507,0.0565537695037472,0.7960887712927198,0.0041693217305002,0.8241114113715863,0.0098041668212347,0.451398079420141,0.0168769014940018,,True,18 | 19 | 14 | 16 | 17,45b1899ee22d8e2d4eee9779866a4c63447b7b426e77b2f721dbf945e57bb558,d6d1e61558aa5e6db72225c09d1f5fce9461c417327c815d1b671940b496de48,848a8e53918c3d7f3a51170a53aa12552532ee8dec773b27dfaf373a1e666567,2026-08-04-poisson-nystroem-v1
kfold,lcd,decision_tree,5,0.541411209168797,0.0335437227177034,0.8510601034892176,0.0315021451767556,0.957811284110797,0.0036521709223371,0.3494039032803432,0.0296716336136097,0.2052329391589642,0.0089312431356472,1.2535744751785292,0.0560601330897315,2.122466860736925,0.1729321195503623,0.7361376020437358,0.0454014711546231,0.6810582993905059,0.0295921796727542,0.5117578925269508,0.0421163617516546,,True,nan | nan | nan | nan | nan,45b1899ee22d8e2d4eee9779866a4c63447b7b426e77b2f721dbf945e57bb558,d6d1e61558aa5e6db72225c09d1f5fce9461c417327c815d1b671940b496de48,364705d7858ccdea68af74cce393f3cc6c761ddbb43051cc5b8a688574502e7c,2026-08-04-poisson-nystroem-v1
kfold,lcd,extra_tree,5,0.712117867226769,0.0229685389232928,1.0585372534594033,0.0362733865156883,0.9348340775491512,0.0037822710948371,0.507075715242564,0.0172513251705679,0.2551775984949511,0.0073830451933435,1.2399453017147484,0.0353363530036874,2.0096207011476723,0.1053288071410192,0.7643954113105715,0.0238554219521454,0.7408902443678251,0.0262862274983697,0.4845765695989728,0.0267537075674984,,True,nan | nan | nan | nan | nan,45b1899ee22d8e2d4eee9779866a4c63447b7b426e77b2f721dbf945e57bb558,d6d1e61558aa5e6db72225c09d1f5fce9461c417327c815d1b671940b496de48,e55ec12c255f91cbcee97defed587745ddc0becff6ff999843d50608b57bb666,2026-08-04-poisson-nystroem-v1
kfold,lcd,random_forest,5,0.4577895532548119,0.0009390430825066,0.7583381593221302,0.0203528878127669,0.9665532254317576,0.0016840534849882,0.2846207595595248,0.0022048231018369,0.1828282588951196,0.0046313209104841,0.9949660576007942,0.0260272591605271,1.5593265779511345,0.1115795226197531,0.8580935164324147,0.0180178340054432,0.6283620877040036,0.0165762896355539,0.3760329914496477,0.0282894272001895,,True,nan | nan | nan | nan | nan,45b1899ee22d8e2d4eee9779866a4c63447b7b426e77b2f721dbf945e57bb558,d6d1e61558aa5e6db72225c09d1f5fce9461c417327c815d1b671940b496de48,389fc0a340c1964993165d042b1749513aa3ef351bbaaf8c8a3dc5dd9dec837b,2026-08-04-poisson-nystroem-v1
kfold,lcd,extra_trees,5,0.2128675974448905,0.0024122939119364,0.4541938634809087,0.0267481723025666,0.9879779370074284,0.0013430274396001,0.101722634666664,0.0006026821336055,0.10949583092853,0.0062737996270363,0.9461760198507452,0.0171587186873786,1.5223299478903551,0.0922250159186491,0.864764488336322,0.0151015883938733,0.5794650026071441,0.0082000957405394,0.3670865035438565,0.0233694137718943,,True,nan | nan | nan | nan | nan,45b1899ee22d8e2d4eee9779866a4c63447b7b426e77b2f721dbf945e57bb558,d6d1e61558aa5e6db72225c09d1f5fce9461c417327c815d1b671940b496de48,857f3d5d3a5d8b452655ae1db5ce832b073483ad4fb1671790f8010347cf6752,2026-08-04-poisson-nystroem-v1
kfold,lcd,gradient_boosting,5,1.244298272280974,0.0065745693365779,1.7165892873081894,0.0123596885687732,0.8286954772735411,0.0017716738522122,0.9184271203465992,0.0053239872251768,0.4138637963525701,0.0021350398803962,1.2999949096033898,0.0205819841970611,1.8612673104262747,0.0958315072110668,0.7982944552228058,0.0145298858047144,0.9329871246009308,0.0080396024426252,0.4488590338557958,0.025654139066185,,True,nan | nan | nan | nan | nan,45b1899ee22d8e2d4eee9779866a4c63447b7b426e77b2f721dbf945e57bb558,d6d1e61558aa5e6db72225c09d1f5fce9461c417327c815d1b671940b496de48,ba2c142849e1cf074b77732a49987a9d247463cb8f2224de287e8cc1a5f97171,2026-08-04-poisson-nystroem-v1
kfold,lcd,hist_gradient_boosting,5,0.871754442091008,0.0051147924302064,1.2287851398623748,0.0130224195743989,0.9122143843979392,0.0018323770170779,0.6391024950310342,0.0057446133784324,0.2962582959227436,0.0030824205032939,1.0735669899104532,0.0151957101470763,1.6031326698127215,0.0805696314930326,0.8502594156843524,0.0121120140471912,0.7322121661011047,0.0194492649742546,0.3865885724441602,0.0212621572009884,,True,150 | 150 | 150 | 150 | 150,45b1899ee22d8e2d4eee9779866a4c63447b7b426e77b2f721dbf945e57bb558,d6d1e61558aa5e6db72225c09d1f5fce9461c417327c815d1b671940b496de48,8f7253d865bfcdc197513116f97743d778d9acaeec5862614d7595a21ce8c6af,2026-08-04-poisson-nystroem-v1
kfold,lcd,adaboost,5,1.889332992195612,0.0270575775723164,2.3945347373685304,0.0249085779811813,0.6666453394658604,0.0064906249276246,1.6780527667686207,0.0491175285355491,0.5773170360599522,0.0056330392639655,1.914242818973252,0.035562324247899,2.4834486502762587,0.0891901873688302,0.6410994171964471,0.0117936096771746,1.679770768788091,0.0475756991214832,0.598884410755405,0.0255724433865751,,True,nan | nan | nan | nan | nan,45b1899ee22d8e2d4eee9779866a4c63447b7b426e77b2f721dbf945e57bb558,d6d1e61558aa5e6db72225c09d1f5fce9461c417327c815d1b671940b496de48,aa1ae57038381f682701e58b946d334f6e5012e4dc5a098e53d61d158f15ac2c,2026-08-04-poisson-nystroem-v1
kfold,lcd,bagging,5,0.937860788116503,0.0151161678186416,1.2770111890572673,0.0272951709701782,0.905174666163821,0.0036532843297911,0.7553552315667493,0.0129317091396754,0.3078754409538858,0.0059461516163558,1.1608969069748565,0.0306350402243458,1.7007736250892471,0.1181397468511315,0.8312143739702023,0.0207651398433582,0.8474784749836329,0.0176966110015849,0.4101424518108358,0.030002219918815,,True,nan | nan | nan | nan | nan,45b1899ee22d8e2d4eee9779866a4c63447b7b426e77b2f721dbf945e57bb558,d6d1e61558aa5e6db72225c09d1f5fce9461c417327c815d1b671940b496de48,3017127aa12ab38be3c104c89fad7bf83ec2c761f10f697f0a450e98821b5477,2026-08-04-poisson-nystroem-v1
kfold,lcd,voting_regressor,5,0.8323755732806208,0.0034338226289057,1.18832565790422,0.0100882605591644,0.9179052846297824,0.0011482876546381,0.5940392866801257,0.0035840150386366,0.2865014265939735,0.0019990947884082,1.125949332991046,0.0285733206496242,1.663669781031047,0.1273513336507271,0.8386393312432989,0.0199304976387436,0.7780706174167964,0.0166814295223064,0.4012368613509681,0.0327879506463376,,True,nan | nan | nan | nan | nan,45b1899ee22d8e2d4eee9779866a4c63447b7b426e77b2f721dbf945e57bb558,d6d1e61558aa5e6db72225c09d1f5fce9461c417327c815d1b671940b496de48,603df8ce012847e429e97e9accc5c97f23e8704c7e120e19e01d4c575dc8cd80,2026-08-04-poisson-nystroem-v1
kfold,lcd,stacking_regressor,5,1.3204654102437674,0.0835134600325848,1.8084000796243065,0.1889094360311762,0.8082408232915771,0.0399852165358764,0.9117571661402496,0.0379725722989472,0.4359841193260692,0.0455148979438927,1.607705956889022,0.0937443857386655,2.222182843057116,0.1910964719987566,0.7108911292950332,0.0477437481609676,1.1578132911011612,0.0275224916691907,0.5358291820779965,0.0472439676905057,,True,nan | nan | nan | nan | nan,45b1899ee22d8e2d4eee9779866a4c63447b7b426e77b2f721dbf945e57bb558,d6d1e61558aa5e6db72225c09d1f5fce9461c417327c815d1b671940b496de48,1329097532be6c67f3647cdb6ce5be4f5815714064dfd59f21ec97f90db2c6b0,2026-08-04-poisson-nystroem-v1
kfold,lcd,xgb_regressor,5,0.8025769959588661,0.0049337308623861,1.0751104607768518,0.0103681844481286,0.9327902041760592,0.001799989475774,0.6244457996139526,0.0024326866875118,0.2592167649293039,0.0034543515530443,1.0566185786776998,0.0259656398919696,1.5619451278004743,0.1034151301455015,0.857811205408942,0.0150822456015853,0.7433064782791137,0.0139690252263353,0.3766835191521647,0.0267760870307407,,True,nan | nan | nan | nan | nan,45b1899ee22d8e2d4eee9779866a4c63447b7b426e77b2f721dbf945e57bb558,d6d1e61558aa5e6db72225c09d1f5fce9461c417327c815d1b671940b496de48,72d82ff87f0e09171a8220d06b59062124d9b75d7f10c0034291bbd6a6be4848,2026-08-04-poisson-nystroem-v1
kfold,lcd,lgbm_regressor,5,0.7658963052298069,0.0041502032733968,1.0837152423950636,0.0069836235970037,0.9317176000224612,0.0012462294719108,0.5602554176112529,0.0050786366439296,0.2612869311490597,0.0023745010334329,1.0413733163339014,0.0153274954004569,1.5684226005488298,0.0776415330685354,0.8566948866492717,0.0111313978337086,0.7021966682864219,0.0175760177881225,0.3782202592610887,0.0205746688537249,,True,250 | 250 | 250 | 250 | 250,45b1899ee22d8e2d4eee9779866a4c63447b7b426e77b2f721dbf945e57bb558,d6d1e61558aa5e6db72225c09d1f5fce9461c417327c815d1b671940b496de48,46929a10c909e5775e3ee3ac6ee4a4e5f9b910aeb26e1bdd31b770f7ed1a9fdf,2026-08-04-poisson-nystroem-v1
kfold,lcd,catboost_regressor,5,1.130597083067727,0.0101544520884854,1.5719755468100236,0.0195599222368656,0.8563320925411959,0.0032142519748094,0.8314543121570404,0.0108565306910619,0.3789970407408771,0.0042369505358874,1.2062405610337508,0.0231481973497601,1.7394950467483503,0.0952414685865853,0.8238003003247292,0.0139289049742592,0.8569167382487775,0.0281229213093736,0.4194963882491079,0.025302688151488,,True,nan | nan | nan | nan | nan,45b1899ee22d8e2d4eee9779866a4c63447b7b426e77b2f721dbf945e57bb558,d6d1e61558aa5e6db72225c09d1f5fce9461c417327c815d1b671940b496de48,43e5cb9bd749a21ca08863e3ec840e4155f1977cde25c5d9efff408de952f176,2026-08-04-poisson-nystroem-v1
kfold,density,selfies_transformer,5,0.1621650641050038,0.0118277655115624,0.2146590083725815,0.0165196135825613,0.8864709788150315,0.0177363051635231,0.125531293606903,0.0082278957432461,0.3361270278198313,0.0258832870957438,0.2005350083998927,0.0042957029590991,0.2719074353635505,0.0049559793164556,0.8185644437065843,0.0049690817780758,0.1518606341670532,0.0048915660960525,0.4257890660038835,0.0090012039452172,,True,19 | 29 | 15 | 27 | 22,45b1899ee22d8e2d4eee9779866a4c63447b7b426e77b2f721dbf945e57bb558,d6d1e61558aa5e6db72225c09d1f5fce9461c417327c815d1b671940b496de48,2d4cab89ff2e068eb87bfeefa78c5d4860e22551771ffe49315e0d57b31b08ec,2026-08-04-poisson-nystroem-v1
kfold,pld,selfies_transformer,5,0.7724014864847528,0.0563885987604071,1.1395196463868564,0.0953878427423303,0.8923504528101482,0.0171509501694586,0.4968008871040344,0.0364701439775668,0.3272650603596224,0.0258854686789835,0.9545463812094044,0.0397381879693696,1.5071738030721171,0.0935494220735486,0.8109912396807706,0.0258305133828177,0.5539723835601805,0.0332716266210321,0.4329979320116511,0.0275092458170539,,True,30 | 19 | 24 | 23 | 30,45b1899ee22d8e2d4eee9779866a4c63447b7b426e77b2f721dbf945e57bb558,d6d1e61558aa5e6db72225c09d1f5fce9461c417327c815d1b671940b496de48,2d4cab89ff2e068eb87bfeefa78c5d4860e22551771ffe49315e0d57b31b08ec,2026-08-04-poisson-nystroem-v1
kfold,lcd,selfies_transformer,5,0.916462137742139,0.0431114575327292,1.305726543777577,0.0673968457140555,0.9007260331881994,0.0096556269679744,0.6461406631011962,0.0345713760535361,0.3147683300224471,0.0151923476570684,1.1055814011291396,0.0297193010665767,1.6604287202551198,0.0860766053129664,0.8392224069749767,0.0150740603076307,0.7348850427017213,0.0197657433432677,0.4003842980907269,0.0221287797001125,,True,19 | 21 | 25 | 22 | 29,45b1899ee22d8e2d4eee9779866a4c63447b7b426e77b2f721dbf945e57bb558,d6d1e61558aa5e6db72225c09d1f5fce9461c417327c815d1b671940b496de48,2d4cab89ff2e068eb87bfeefa78c5d4860e22551771ffe49315e0d57b31b08ec,2026-08-04-poisson-nystroem-v1
